State	Time (s)	Phi (rad)	Del (rad)	dPhi (rad/s)	dDel (rad/s)	v_r (m/s)	v (m/s)	u (Nm)	T (Nm)	Heading (rad)	dHeading (rad/s)	Phi_y (rad)	Del_y (rad)	dPhi_y (rad/s)	dDel_y (rad/s)
3	96.008	-0.0068	0.0155	0.001	0	4	0	0	0	-0.1595	-0.0013	-0.0162	0.0155	0.0009	0
3	96.029	-0.011	0.0209	-0.0401	0.1361	4	1.3683	0	-1.5895	-0.1616	0.02	-0.0147	0.0209	-0.041	0.1361
3	96.049	-0.0137	0.0182	-0.0095	-0.0576	4	1.3598	0	-2.4329	-0.1612	0.0272	-0.1256	0.0182	-0.011	-0.0576
3	96.07	-0.0153	0.0188	0.0206	0.0145	4	1.3512	0	-1.2976	-0.1603	0.0366	-0.1511	0.0188	0.0202	0.0145
3	96.092	-0.0155	0.0191	0.0153	0.0145	4	1.3512	0	-0.811	-0.1597	0.0327	0.1047	0.0191	0.0137	0.0145
3	96.112	-0.0152	0.0185	-0.0029	-0.0176	4	1.3683	0	-0.6488	-0.1588	0.0585	0.0386	0.0185	-0.0039	-0.0176
3	96.133	-0.0153	0.017	0.0669	-0.0524	4	1.4111	0	-0.5839	-0.1577	0.0285	-0.118	0.017	0.0695	-0.0524
3	96.154	-0.0132	0.0164	0.0018	-0.0185	4	1.4197	0	-0.9083	-0.1569	0.0623	0.0794	0.0164	-0.0034	-0.0185
3	96.175	-0.0155	0.0164	0.0104	-0.0052	4	1.4966	0	-0.9732	-0.1563	0.0088	-0.2031	0.0164	0.0075	-0.0052
3	96.196	-0.0166	0.017	0.0279	0.0127	4	1.5565	0	-1.1354	-0.1558	0.0105	0.0007	0.017	0.0297	0.0127
3	96.216	-0.014	0.017	0.0546	0.0103	4	1.5308	0	-1.0056	-0.155	0.048	0.1167	0.017	0.0588	0.0103
3	96.237	-0.0132	0.017	0.0485	0.0048	4	1.6335	0	-1.0381	-0.1538	0.0616	0.1246	0.017	0.0461	0.0048
3	96.259	-0.0122	0.017	-0.0083	-0.0045	4	1.7019	0	-0.9407	-0.1513	0.1162	-0.2429	0.017	-0.0061	-0.0045
3	96.279	-0.0114	0.017	-0.013	-0.007	4	1.7019	0	-0.9407	-0.1495	0.1172	0.2508	0.017	-0.0152	-0.007
3	96.3	-0.0107	0.017	-0.0004	0.0076	4	1.7532	0	-1.2976	-0.1479	0.034	-0.0382	0.017	-0.0024	0.0076
3	96.32	-0.0115	0.0179	-0.0655	0.0345	4	1.8216	0	-1.5895	-0.1465	0.0509	-0.4289	0.0179	-0.0676	0.0345
3	96.343	-0.0114	0.0197	-0.0571	0.0724	4	1.9157	0	-1.7517	-0.1456	0.0756	0.0641	0.0197	-0.0551	0.0724
3	96.363	-0.0116	0.0215	0.0482	0.0742	4	1.9499	0	-1.4922	-0.1451	-0.0416	-0.2454	0.0215	0.0512	0.0742
3	96.384	-0.0103	0.0218	0.0113	0.0348	4	1.9499	0	-1.5246	-0.1454	0.0055	0.14	0.0218	0.0101	0.0348
3	96.404	-0.009	0.0212	-0.0003	0.0109	4	2.1038	0	-1.2651	-0.1446	0.0671	0.14	0.0212	0.0047	0.0109
3	96.426	-0.0079	0.0188	0.0369	-0.103	4	2.0696	0	-0.5839	-0.1433	0.1021	0.0608	0.0188	0.0407	-0.103
3	96.446	-0.0078	0.0148	0.104	-0.1606	4	2.138	0	-0.3244	-0.1415	0.0269	-0.0999	0.0148	0.1062	-0.1606
3	96.467	-0.0053	0.0133	0.0322	-0.0979	4	2.1808	0	-0.9083	-0.1404	0.0888	0.2521	0.0133	0.0305	-0.0979
3	96.488	-0.0042	0.0124	0.0361	-0.0542	4	2.1893	0	-0.9732	-0.1384	0.0923	0.1525	0.0124	0.0388	-0.0542
3	96.581	-0.0028	0.0121	0.0258	-0.03	4	2.2235	0	-1.1029	-0.1361	0.0999	0.0462	0.0121	0.0228	-0.03
3	96.601	-0.001	0.0197	0.015	0.08	4	2.3518	0	-2.0761	-0.1304	0.0759	-0.3354	0.0197	0.0154	0.08
3	96.622	-0.0012	0.0209	-0.0112	0.0515	4	2.4117	0	-1.5246	-0.1285	0.1078	-0.086	0.0209	-0.0112	0.0515
3	96.643	-0.0022	0.02	-0.0144	-0.0239	4	2.386	0	-1.1029	-0.1262	0.0987	-0.1984	0.02	-0.009	-0.0239
3	96.665	-0.0016	0.0164	0.0298	-0.1033	4	2.4716	0	-0.9083	-0.1245	0.0906	0.0311	0.0164	0.0303	-0.1033
3	96.686	-0.001	0.0148	-0.0249	-0.0824	4	2.463	0	-1.1354	-0.1225	0.1042	-0.1787	0.0148	-0.0365	-0.0824
3	96.706	-0.0027	0.0145	0.0303	-0.0282	4	2.54	0	-1.4922	-0.1204	0.0604	-0.1623	0.0145	0.0301	-0.0282
3	96.726	-0.0011	0.0145	0.1422	-0.0142	4	2.5656	0	-1.4922	-0.1198	0.0402	0.1653	0.0145	0.1329	-0.0142
3	96.748	0.0006	0.0148	-0.0042	0.0055	4	2.5913	0	-1.5895	-0.1186	0.0896	0.2085	0.0148	-0.0107	0.0055
3	96.769	-0.0011	0.0142	0.0037	-0.0188	4	2.6341	0	-1.2651	-0.1166	0.0694	-0.0011	0.0142	0.0144	-0.0188
3	96.789	-0.0008	0.0136	-0.0102	-0.0239	4	2.6341	0	-1.5246	-0.115	0.1024	-0.0011	0.0136	-0.021	-0.0239
3	96.81	-0.0013	0.0145	-0.006	0.0252	4	2.6768	0	-1.7193	-0.113	0.0889	-0.1105	0.0145	-0.0081	0.0252
3	96.832	-0.002	0.0145	-0.0095	0.0045	4	2.7281	0	-1.5895	-0.1112	0.0511	0.0229	0.0145	-0.0044	0.0045
3	96.853	-0.0017	0.0152	0.0169	0.0276	4	2.7709	0	-1.849	-0.1098	0.1055	0.1807	0.0152	0.0215	0.0276
3	96.874	-0.0029	0.0155	-0.0567	0.0164	4	2.7623	0	-1.6544	-0.107	0.1542	0.0131	0.0155	-0.0536	0.0164
3	96.894	-0.0029	0.0155	0.039	0.0048	4	2.788	0	-1.6868	-0.1055	0.0241	0.0131	0.0155	0.04	0.0048
3	96.916	-0.0027	0.0161	-0.0513	0.0188	4	2.7794	0	-1.7842	-0.1041	0.0545	-0.1326	0.0161	-0.0551	0.0188
3	96.937	-0.0038	0.0161	-0.0419	-0.0055	4	2.8564	0	-1.5571	-0.1024	0.0983	0.0348	0.0161	-0.0397	-0.0055
3	96.957	-0.0036	0.0152	0.0305	-0.017	4	2.8393	0	-1.7517	-0.101	0.0632	0.0348	0.0152	0.0334	-0.017
3	96.978	-0.0025	0.0152	-0.008	-0.0245	4	2.8992	0	-1.4598	-0.0992	0.1073	-0.0465	0.0152	-0.0081	-0.0245
3	97	-0.003	0.0124	0.0016	-0.0761	4	2.8906	0	-1.2651	-0.0976	0.0527	-0.0298	0.0124	0.0079	-0.0761
3	97.021	-0.0032	0.0121	-0.0057	-0.0379	4	2.959	0	-1.622	-0.0964	0.0853	0.0955	0.0121	0.001	-0.0379
3	97.041	-0.0036	0.0112	-0.0127	-0.043	4	2.9334	0	-1.3949	-0.0947	0.0626	-0.1953	0.0112	-0.0101	-0.043
3	97.061	-0.004	0.0112	0.0238	-0.0224	4	2.9419	0	-1.6868	-0.0937	0.0705	-0.1953	0.0112	0.0179	-0.0224
3	97.152	-0.003	0.0112	-0.0228	-0.0033	4	2.9761	0	-1.7193	-0.0921	0.097	0.2248	0.0112	-0.0274	-0.0033
3	97.172	-0.0046	0.0112	0.0337	-0.0015	4	3.0959	0	-1.7842	-0.0841	0.0532	0.0196	0.0112	0.0331	-0.0015
3	97.193	-0.0046	0.0112	-0.013	-0.0006	4	3.113	0	-1.7842	-0.0818	0.1071	0.2611	0.0112	-0.0036	-0.0006
3	97.214	-0.0043	0.0109	0.0199	-0.0148	4	3.1557	0	-1.7517	-0.0806	0.0595	0.0771	0.0109	0.0203	-0.0148
3	97.236	-0.0047	0.0112	-0.0448	0.0052	4	3.1557	0	-1.8166	-0.0791	0.0896	-0.0393	0.0112	-0.0455	0.0052
3	97.256	-0.0053	0.0109	-0.0124	-0.0003	4	3.2241	0	-1.6544	-0.0774	0.0658	0.0062	0.0109	-0.017	-0.0003
3	97.277	-0.0052	0.0109	0.0133	-0.0076	4	3.2669	0	-1.8815	-0.0756	0.0974	0.0665	0.0109	0.0099	-0.0076
3	97.298	-0.0049	0.0109	0.0143	-0.003	4	3.207	0	-1.7517	-0.074	0.0655	0.1321	0.0109	0.0159	-0.003
3	97.32	-0.0052	0.0109	-0.0165	0.0009	4	3.2926	0	-1.9464	-0.0722	0.0766	0.2982	0.0109	-0.012	0.0009
3	97.341	-0.0055	0.0109	-0.029	0.0003	4	3.3011	0	-1.9139	-0.0702	0.1137	0.0989	0.0109	-0.0239	0.0003
3	97.361	-0.0051	0.0109	0.012	-0.0027	4	3.3268	0	-1.9139	-0.0688	0.0585	0.3443	0.0109	0.0031	-0.0027
3	97.382	-0.0056	0.0112	-0.0661	0.013	4	3.361	0	-1.9464	-0.067	0.1073	-0.5008	0.0112	-0.0711	0.013
3	97.403	-0.0079	0.0109	-0.0207	-0.0106	4	3.3353	0	-1.9139	-0.0651	0.0716	-0.4921	0.0109	-0.0223	-0.0106
3	97.424	-0.0094	0.0109	-0.0144	-0.0036	4	3.3866	0	-2.0112	-0.0633	0.0868	0.0188	0.0109	-0.0144	-0.0036
3	97.445	-0.01	0.0106	-0.0266	-0.0097	4	3.4294	0	-1.7842	-0.0615	0.0575	-0.2896	0.0106	-0.0338	-0.0097
3	97.466	-0.0105	0.0103	-0.0638	-0.0148	4	3.4123	0	-1.9464	-0.0603	0.087	0.3422	0.0103	-0.0681	-0.0148
3	97.488	-0.0108	0.01	0.0528	-0.0118	4	3.4294	0	-1.9139	-0.0587	0.0459	-0.2647	0.01	0.0625	-0.0118
3	97.508	-0.0105	0.01	-0.0183	-0.0124	4	3.4465	0	-1.8815	-0.0577	0.0548	-0.0742	0.01	-0.0222	-0.0124
3	97.529	-0.0113	0.0091	-0.0425	-0.0376	4	3.4722	0	-1.3625	-0.0552	0.1435	0.0627	0.0091	-0.0392	-0.0376
3	97.549	-0.0119	0.0061	0.088	-0.1148	4	3.5064	0	-1.4273	-0.0539	0.0114	-0.257	0.0061	0.1049	-0.1148
3	97.571	-0.0106	0.0058	0.0329	-0.0379	4	3.4807	0	-1.7517	-0.0525	0.0585	0.0667	0.0058	0.0301	-0.0379
3	97.591	-0.0101	0.0048	-0.0006	-0.053	4	3.5149	0	-1.4922	-0.0513	0.0965	-0.1438	0.0048	-0.0018	-0.053
3	97.611	-0.01	0.0036	0.0371	-0.0588	4	3.5406	0	-1.5895	-0.049	0.0933	0.0201	0.0036	0.0506	-0.0588
3	97.631	-0.0079	0.003	0.0791	-0.04	4	3.5149	0	-1.4922	-0.0479	0.046	0.0201	0.003	0.0717	-0.04
3	97.725	-0.0077	0.003	-0.0817	-0.0112	4	3.532	0	-1.7517	-0.0462	0.0885	-0.0339	0.003	-0.0839	-0.0112
3	97.745	-0.0133	0.0039	-0.0166	0.0064	4	3.6346	0	-1.8166	-0.0393	0.0532	0.0196	0.0039	-0.0079	0.0064
3	97.765	-0.0126	0.0039	0.0196	-0.0045	4	3.5919	0	-1.7842	-0.0384	0.0643	0.0196	0.0039	0.0183	-0.0045
3	97.787	-0.0133	0.0039	-0.0564	-0.0021	4	3.6261	0	-1.8166	-0.0371	0.0457	0.2266	0.0039	-0.0564	-0.0021
3	97.809	-0.0142	0.0024	-0.0439	-0.0591	4	3.6518	0	-1.2327	-0.0355	0.0677	-0.078	0.0024	-0.038	-0.0591
3	97.83	-0.0144	0.0018	0.0093	-0.0264	4	3.6346	0	-1.849	-0.0351	0.0425	-0.1667	0.0018	0.0025	-0.0264
3	97.851	-0.0145	0.0015	0	-0.03	4	3.6346	0	-1.2976	-0.0336	0.0697	-0.1899	0.0015	0.0024	-0.03
3	97.871	-0.0152	0	-0.0252	-0.0509	4	3.6603	0	-1.5895	-0.0324	0.0618	-0.1899	0	-0.0269	-0.0509
3	97.892	-0.0153	-0.0003	0.0551	-0.0297	4	3.6603	0	-1.4273	-0.0316	0.0388	-0.1899	-0.0003	0.054	-0.0297
3	97.913	-0.0161	-0.0009	-0.0288	-0.027	4	3.6518	0	-1.622	-0.0306	0.0332	0.3833	-0.0009	-0.0264	-0.027
3	97.934	-0.0169	-0.0012	-0.0088	-0.0109	4	3.6432	0	-1.5895	-0.0293	0.0541	0.0818	-0.0012	-0.0068	-0.0109
3	97.955	-0.0169	-0.0021	0.0634	-0.0455	4	3.6518	0	-1.6868	-0.0284	0.0227	-0.6702	-0.0021	0.0666	-0.0455
3	97.978	-0.0152	-0.0018	0.0496	0.0015	4	3.6603	0	-1.3949	-0.0278	0.0379	-0.087	-0.0018	0.0473	0.0015
3	97.998	-0.0158	-0.0024	-0.0367	-0.0261	4	3.6518	0	-1.3949	-0.0264	0.0764	-0.2119	-0.0024	-0.0341	-0.0261
4	98.029	-0.0163	-0.0027	0.061	-0.0176	4	3.7031	0	-1.2003	-0.0254	0.0358	-0.2119	-0.0027	0.0629	-0.0176
4	98.049	-0.0157	-0.0012	-0.0469	0.1224	4	3.6945	-0.4958	-0.2595	-0.0233	0.0997	0.1863	-0.0012	-0.0542	0.1224
4	98.07	-0.0171	0.0009	-0.0596	0.0027	4	3.7031	-0.2688	-0.519	-0.0216	0.0576	-0.0883	0.0009	-0.0531	0.0027
4	98.092	-0.0175	0.0027	0.002	0.1064	4	3.6774	-0.5383	-0.2271	-0.0207	0.0071	0.0427	0.0027	-0.0063	0.1064
4	98.112	-0.0174	0.0076	-0.0775	0.2064	4	3.6945	-0.8498	-0.7461	-0.0203	0.0655	0.5338	0.0076	-0.0829	0.2064
4	98.134	-0.0183	0.007	-0.0372	0.0388	4	3.7373	-0.4487	-0.6163	-0.018	0.069	0.5338	0.007	-0.0255	0.0388
4	98.157	-0.0159	0.0097	0.0532	0.1064	4	3.7202	-0.6099	-0.519	-0.0172	0.0793	-0.0398	0.0097	0.0459	0.1064
4	98.177	-0.0161	0.01	-0.0512	0.0436	4	3.7116	-0.4818	-0.5839	-0.0157	0.064	0.2268	0.01	-0.0516	0.0436
4	98.197	-0.0176	0.01	-0.058	0.0106	4	3.7458	-0.4168	-0.4217	-0.0139	0.0957	-0.2521	0.01	-0.0562	0.0106
4	98.219	-0.0175	0.0097	0.0765	0.0009	4	3.7458	-0.3909	-0.3568	-0.0123	0.0559	0.1203	0.0097	0.0699	0.0009
4	98.297	-0.0168	0.0097	0.0692	0.0009	4	3.7202	-0.3788	-0.3893	-0.0119	0.0633	0.3725	0.0097	0.0666	0.0009
4	98.319	-0.0131	0.0082	-0.0235	0.0158	4	3.7202	-0.3434	-0.2595	-0.0065	0.0373	0.0587	0.0082	-0.0295	0.0158
4	98.339	-0.0133	0.0097	-0.028	0.0891	4	3.7373	-0.5347	-0.3244	-0.0049	0.1082	-0.1235	0.0097	-0.0333	0.0891
4	98.359	-0.0136	0.0109	0.0132	0.0615	4	3.7031	-0.4959	-0.5515	-0.0032	0.0731	-0.0199	0.0109	0.0126	0.0615
4	98.38	-0.0137	0.0115	-0.0052	0.0752	4	3.7031	-0.5403	-0.3893	-0.0018	0.0538	-0.1383	0.0115	-0.0141	0.0752
4	98.402	-0.0147	0.013	-0.0826	0.0379	4	3.7373	-0.487	-0.5515	-0.0004	0.0753	-0.1383	0.013	-0.0848	0.0379
4	98.424	-0.0164	0.013	-0.0378	0.0097	4	3.7287	-0.4477	-0.4866	0.0013	0.094	-0.1383	0.013	-0.0375	0.0097
4	98.445	-0.0169	0.0127	0.0065	-0.0115	4	3.7031	-0.4019	-0.4217	0.004	0.1267	-0.1383	0.0127	0.0058	-0.0115
4	98.469	-0.0167	0.0127	-0.0024	-0.0033	4	3.7116	-0.4178	-0.3893	0.0063	0.0978	0.0396	0.0127	-0.0049	-0.0033
4	98.489	-0.0168	0.0127	0.0009	-0.0018	4	3.7458	-0.419	-0.4217	0.0084	0.1046	-0.2403	0.0127	-0.0005	-0.0018
4	98.509	-0.0167	0.0127	-0.007	-0.0009	4	3.7202	-0.4233	-0.4217	0.0104	0.1038	-0.0855	0.0127	-0.0089	-0.0009
4	98.529	-0.017	0.0127	-0.0163	-0.0024	4	3.7116	-0.4255	-0.4217	0.0126	0.1146	0.0095	0.0127	-0.0169	-0.0024
4	98.552	-0.0179	0.0124	-0.0393	-0.0079	4	3.7202	-0.4211	-0.3893	0.0152	0.1066	-0.1051	0.0124	-0.0383	-0.0079
4	98.574	-0.0187	0.0124	-0.0263	-0.0024	4	3.7544	-0.4363	-0.4217	0.0176	0.108	-0.1051	0.0124	-0.0277	-0.0024
4	98.596	-0.0196	0.0124	-0.0623	0.0012	4	3.7458	-0.4583	-0.4542	0.0199	0.107	-0.1051	0.0124	-0.0669	0.0012
4	98.618	-0.021	0.0124	-0.0637	0.0009	4	3.7202	-0.487	-0.4866	0.0223	0.1068	-0.1986	0.0124	-0.0637	0.0009
4	98.639	-0.0223	0.0127	-0.0713	0.0215	4	3.7715	-0.5377	-0.4866	0.0243	0.088	-0.2256	0.0127	-0.0754	0.0215
4	98.659	-0.0238	0.0133	-0.0838	0.0212	4	3.7715	-0.5655	-0.5515	0.0261	0.0934	0.0077	0.0133	-0.085	0.0212
4	98.681	-0.0256	0.0139	-0.0792	0.02	4	3.7458	-0.6069	-0.5515	0.0281	0.0865	-0.0508	0.0139	-0.0823	0.02
4	98.703	-0.0273	0.0136	-0.0698	-0.0036	4	3.7629	-0.5659	-0.5515	0.0302	0.1002	-0.0508	0.0136	-0.0692	-0.0036
4	98.726	-0.0286	0.0124	-0.0448	-0.037	4	3.7715	-0.4885	-0.4866	0.0323	0.0945	-0.0508	0.0124	-0.0456	-0.037
4	98.746	-0.0296	0.0121	-0.0433	-0.0306	4	3.7886	-0.5066	-0.4866	0.0343	0.0972	-0.0085	0.0121	-0.0421	-0.0306
4	98.768	-0.0306	0.0121	-0.0536	-0.0061	4	3.7544	-0.5864	-0.5515	0.0367	0.1172	-0.0304	0.0121	-0.0564	-0.0061
4	98.788	-0.0319	0.0118	-0.0807	-0.0064	4	3.7629	-0.5945	-0.5515	0.0389	0.1055	-0.0444	0.0118	-0.0827	-0.0064
4	98.869	-0.0327	0.0118	-0.0876	-0.01	4	3.78	-0.5889	-0.5839	0.0399	0.0989	-0.0224	0.0118	-0.088	-0.01
4	98.891	-0.039	0.0103	-0.13	0.0006	4	3.7886	-0.6652	-0.6163	0.0464	0.0493	-0.0224	0.0103	-0.1292	0.0006
4	98.912	-0.0416	0.0109	-0.163	0.0327	4	3.78	-0.785	-0.6812	0.0475	0.0639	-0.0224	0.0109	-0.1691	0.0327
4	98.932	-0.045	0.0115	-0.1953	0.0209	4	3.8142	-0.7786	-0.811	0.0486	0.0512	-0.1861	0.0115	-0.198	0.0209
4	98.953	-0.0489	0.0109	-0.1819	-0.027	4	3.7971	-0.7309	-0.7785	0.0501	0.0746	0.074	0.0109	-0.1822	-0.027
4	98.975	-0.0523	0.01	-0.1519	-0.0345	4	3.7971	-0.7513	-0.6812	0.0519	0.0878	-0.3122	0.01	-0.1542	-0.0345
4	98.995	-0.0549	0.0097	-0.1396	-0.0145	4	3.78	-0.8435	-0.7785	0.0534	0.0702	0.0564	0.0097	-0.1414	-0.0145
4	99.017	-0.0585	0.0073	-0.1588	-0.0621	4	3.8228	-0.7102	-0.7137	0.055	0.0598	-0.0692	0.0073	-0.1585	-0.0621
4	99.04	-0.0614	0.0055	-0.0964	-0.0845	4	3.8057	-0.697	-0.6812	0.0562	0.0541	-0.0692	0.0055	-0.0962	-0.0845
4	99.062	-0.0641	0.0052	-0.1745	-0.0364	4	3.7971	-0.8302	-0.7461	0.0578	0.083	-0.0692	0.0052	-0.1817	-0.0364
4	99.082	-0.0678	0.0042	-0.2212	-0.0352	4	3.7971	-0.8619	-0.811	0.0594	0.0835	0.0575	0.0042	-0.2244	-0.0352
4	99.102	-0.072	0.0006	-0.2173	-0.1385	4	3.8057	-0.6229	-0.7785	0.0611	0.0889	-0.1328	0.0006	-0.2192	-0.1385
4	99.123	-0.0767	-0.0006	-0.2382	-0.0827	4	3.7715	-0.829	-0.6812	0.0627	0.0749	0.0594	-0.0006	-0.2444	-0.0827
4	99.145	-0.0822	-0.0039	-0.237	-0.1382	4	3.7458	-0.7591	-0.8759	0.0641	0.0411	-0.148	-0.0039	-0.2363	-0.1382
4	99.167	-0.0869	-0.0067	-0.2027	-0.1579	4	3.7373	-0.7495	-0.7137	0.065	0.0429	-0.148	-0.0067	-0.2037	-0.1579
4	99.189	-0.092	-0.0058	-0.2629	-0.0618	4	3.7715	-1.007	-1.0705	0.0654	0.0142	-0.148	-0.0058	-0.2564	-0.0618
4	99.21	-0.0977	-0.0082	-0.2971	-0.0952	4	3.7715	-0.9707	-0.9732	0.0657	0.0145	0.0994	-0.0082	-0.2979	-0.0952
4	99.232	-0.1046	-0.0121	-0.3107	-0.1239	4	3.7287	-1.0069	-0.9407	0.066	0	-0.0723	-0.0121	-0.3131	-0.1239
4	99.252	-0.1104	-0.0158	-0.3109	-0.1715	4	3.7373	-0.9103	-0.9732	0.0658	-0.0074	-0.044	-0.0158	-0.3109	-0.1715
4	99.272	-0.1166	-0.017	-0.3052	-0.0885	4	3.78	-1.0978	-0.9083	0.065	-0.0525	-0.0852	-0.017	-0.3097	-0.0885
4	99.295	-0.1234	-0.0182	-0.2952	-0.0921	4	3.7458	-1.2228	-1.2327	0.0644	-0.0167	-0.0852	-0.0182	-0.2979	-0.0921
4	99.317	-0.1297	-0.0291	-0.2747	-0.2709	4	3.7458	-0.7379	-1.0056	0.0642	-0.0106	-0.0852	-0.0291	-0.2754	-0.2709
4	99.339	-0.1355	-0.0358	-0.2717	-0.3155	4	3.7629	-0.5902	-0.4217	0.0637	-0.0113	-0.107	-0.0358	-0.2849	-0.3155
4	99.359	-0.1411	-0.0415	-0.2936	-0.3106	4	3.78	-0.5619	-0.5515	0.0633	-0.0343	-0.1204	-0.0415	-0.2941	-0.3106
4	99.44	-0.144	-0.0455	-0.3078	-0.3455	4	3.7544	-0.5049	-0.6488	0.0629	-0.0455	-0.0098	-0.0455	-0.3064	-0.3455
4	99.462	-0.1715	-0.0576	-0.3985	-0.1536	4	3.7715	-1.0993	-1.2651	0.0475	-0.2108	-0.0098	-0.0576	-0.4007	-0.1536
4	99.484	-0.18	-0.0633	-0.3936	-0.2555	4	3.7629	-0.9179	-1.0381	0.0432	-0.1911	-0.277	-0.0633	-0.3947	-0.2555
4	99.504	-0.188	-0.0676	-0.4283	-0.2127	4	3.7886	-0.9974	-0.9407	0.0393	-0.196	-0.2731	-0.0676	-0.4341	-0.2127
4	99.525	-0.1968	-0.0709	-0.4311	-0.1733	4	3.7544	-1.2422	-1.0705	0.0355	-0.1768	-0.2095	-0.0709	-0.4346	-0.1733
4	99.545	-0.2051	-0.0755	-0.4209	-0.2406	4	3.7458	-1.1577	-1.2327	0.0319	-0.1805	-0.1599	-0.0755	-0.4257	-0.2406
4	99.566	-0.2145	-0.0861	-0.4247	-0.4639	4	3.7544	-0.5957	-0.5515	0.0279	-0.1859	-0.1599	-0.0861	-0.4268	-0.4639
4	99.586	-0.2223	-0.097	-0.4097	-0.5018	4	3.7544	-0.4553	-0.3568	0.0238	-0.2271	-0.1599	-0.097	-0.4107	-0.5018
4	99.609	-0.2311	-0.1045	-0.3759	-0.2597	4	3.7373	-1.0618	-0.7785	0.0179	-0.2733	-0.0703	-0.1045	-0.393	-0.2597
4	99.629	-0.2391	-0.1124	-0.4574	-0.3767	4	3.7458	-0.7639	-0.9732	0.0122	-0.287	-0.1125	-0.1124	-0.4496	-0.3767
4	99.649	-0.248	-0.1167	-0.4539	-0.3355	4	3.7458	-0.9186	-0.9407	0.006	-0.323	0.0973	-0.1167	-0.4578	-0.3355
4	99.671	-0.2581	-0.1197	-0.4794	-0.1955	4	3.7373	-1.36	-1.2976	-0.0012	-0.3287	-0.1038	-0.1197	-0.4779	-0.1955
4	99.692	-0.2677	-0.1312	-0.4693	-0.5052	4	3.7287	-0.6365	-1.0056	-0.0084	-0.3524	-0.0738	-0.1312	-0.4658	-0.5052
4	99.714	-0.2779	-0.1394	-0.4722	-0.3685	4	3.78	-0.8116	-0.5839	-0.0164	-0.3703	-0.0738	-0.1394	-0.4818	-0.3685
4	99.736	-0.288	-0.1424	-0.4695	-0.2421	4	3.7715	-1.2187	-1.2327	-0.0253	-0.4153	-0.0738	-0.1424	-0.4747	-0.2421
4	99.758	-0.2982	-0.1588	-0.4948	-0.4664	4	3.7544	-0.6566	-0.4866	-0.0347	-0.4449	-0.0994	-0.1588	-0.4999	-0.4664
4	99.779	-0.3085	-0.1652	-0.4998	-0.4512	4	3.7544	-0.7385	-0.6812	-0.0442	-0.4528	-0.1059	-0.1652	-0.5024	-0.4512
4	99.801	-0.3196	-0.1715	-0.4949	-0.3633	4	3.7886	-0.8801	-1.1029	-0.055	-0.4813	-0.0331	-0.1715	-0.4868	-0.3633
4	99.821	-0.3287	-0.1836	-0.5046	-0.5327	4	3.78	-0.4659	-0.3244	-0.0645	-0.5139	-0.1132	-0.1836	-0.4992	-0.5327
4	99.843	-0.3393	-0.1921	-0.4816	-0.4318	4	3.78	-0.7154	-0.4217	-0.0765	-0.5582	-0.1132	-0.1921	-0.4864	-0.4318
4	99.866	-0.3501	-0.1976	-0.4691	-0.313	4	3.7629	-1.1139	-0.811	-0.0901	-0.6153	-0.1132	-0.1976	-0.4698	-0.313
4	99.888	-0.3602	-0.2088	-0.4811	-0.333	4	3.7971	-0.9153	-0.8759	-0.1041	-0.6446	-0.1132	-0.2088	-0.4841	-0.333
4	99.908	-0.3697	-0.2194	-0.4909	-0.4676	4	3.8142	-0.5168	-0.6163	-0.117	-0.64	-0.0345	-0.2194	-0.4932	-0.4676
4	99.928	-0.3791	-0.2294	-0.4692	-0.5042	4	3.7971	-0.4766	-0.4866	-0.1295	-0.6184	-0.2073	-0.2294	-0.4713	-0.5042
4	100.012	-0.3845	-0.2339	-0.4533	-0.4733	4	3.7971	-0.5546	-0.4542	-0.1371	-0.6336	-0.0403	-0.2339	-0.4563	-0.4733
4	100.034	-0.4245	-0.2706	-0.4834	-0.3	4	3.8485	-0.7312	-0.6812	-0.212	-0.8554	-0.0403	-0.2706	-0.4904	-0.3
4	100.056	-0.4343	-0.2739	-0.4724	-0.2133	4	3.8656	-0.9405	-1.0381	-0.2314	-0.8905	-0.1226	-0.2739	-0.475	-0.2133
4	100.076	-0.4434	-0.2815	-0.481	-0.3503	4	3.857	-0.6728	-0.9407	-0.2493	-0.8886	-0.2328	-0.2815	-0.4854	-0.3503
4	100.097	-0.4532	-0.2897	-0.4915	-0.3776	4	3.8399	-0.684	-0.5839	-0.2679	-0.898	-0.0847	-0.2897	-0.496	-0.3776
4	100.119	-0.463	-0.2994	-0.4382	-0.32	4	3.8656	-0.7117	-0.7461	-0.2881	-0.9341	-0.0167	-0.2994	-0.4361	-0.32
4	100.141	-0.47	-0.307	-0.2787	-0.3458	4	3.8741	-0.6627	-0.6163	-0.3106	-1.0599	-0.0167	-0.307	-0.2832	-0.3458
4	100.162	-0.4754	-0.3112	-0.2587	-0.2591	4	3.8741	-0.87	-0.8434	-0.3333	-1.0196	-0.0167	-0.3112	-0.2582	-0.2591
4	100.186	-0.4807	-0.32	-0.2407	-0.4182	4	3.8656	-0.4902	-0.6488	-0.3563	-1.0173	-0.2165	-0.32	-0.2412	-0.4182
4	100.206	-0.485	-0.3312	-0.2054	-0.4955	4	3.9169	-0.0548	-0.1622	-0.378	-1.1317	-0.2508	-0.3312	-0.2031	-0.4955
4	100.226	-0.4886	-0.3373	-0.166	-0.3245	4	3.9083	-0.4332	-0.2595	-0.4013	-1.1756	-0.2661	-0.3373	-0.1627	-0.3245
4	100.248	-0.4918	-0.3473	-0.1642	-0.3139	4	3.9083	-0.35	-0.5515	-0.4266	-1.1189	-0.209	-0.3473	-0.1646	-0.3139
4	100.271	-0.4939	-0.3573	-0.0565	-0.4597	4	3.8827	-0.0332	-0.0649	-0.452	-1.0982	-0.209	-0.3573	-0.0485	-0.4597
4	100.293	-0.4932	-0.3636	0.0851	-0.3558	4	3.8912	-0.197	-0.0649	-0.4759	-1.0866	-0.209	-0.3636	0.0898	-0.3558
4	100.315	-0.4901	-0.3697	0.14	-0.3097	4	3.9083	-0.1521	-0.1946	-0.4997	-1.0927	-0.0086	-0.3697	0.1423	-0.3097
4	100.335	-0.4869	-0.3758	0.1196	-0.3091	4	3.8998	-0.0331	-0.1298	-0.5224	-1.1482	0.2116	-0.3758	0.1199	-0.3091
4	100.356	-0.4841	-0.38	0.0852	-0.2103	4	3.8741	-0.2005	0	-0.5471	-1.1805	0.0807	-0.38	0.0856	-0.2103
4	100.376	-0.4823	-0.3794	0.0583	-0.0333	4	3.8998	-0.4998	-0.3893	-0.5712	-1.2212	-0.081	-0.3794	0.0583	-0.0333
4	100.398	-0.4817	-0.3797	-0.03	-0.0164	4	3.8998	-0.4832	-0.4866	-0.5985	-1.2442	-0.081	-0.3797	-0.0332	-0.0164
4	100.419	-0.4817	-0.3761	-0.004	0.13	4	3.8912	-0.8982	-0.6163	-0.6268	-1.2867	-0.081	-0.3761	-0.0047	0.13
4	100.443	-0.4794	-0.3721	0.1209	0.1033	4	3.8741	-0.968	-1.0381	-0.6567	-1.2939	-0.0856	-0.3721	0.125	0.1033
4	100.465	-0.4763	-0.3688	0.1105	0.1579	4	3.8998	-1.0273	-0.9407	-0.6834	-1.18	0.0242	-0.3688	0.1075	0.1579
4	100.485	-0.4743	-0.3682	0.0828	0.0597	4	3.9083	-0.7579	-0.9083	-0.7061	-1.1033	-0.3589	-0.3682	0.0831	0.0597
4	100.505	-0.4723	-0.3679	0.0837	0.0167	4	3.8998	-0.6654	-0.7137	-0.7275	-1.0677	-0.1944	-0.3679	0.086	0.0167
4	100.586	-0.471	-0.3682	0.1305	-0.0067	4	3.8998	-0.6148	-0.6488	-0.7383	-1.0727	-0.1944	-0.3682	0.1362	-0.0067
4	100.606	-0.4631	-0.3685	0.0184	0.1085	4	3.9169	-0.6633	-0.519	-0.8425	-1.1744	-0.2127	-0.3685	0.0156	0.1085
4	100.628	-0.4622	-0.3633	0.0071	0.1612	4	3.8998	-0.8863	-0.811	-0.8683	-1.161	-0.3237	-0.3633	0.0051	0.1612
4	100.648	-0.4617	-0.3612	0.0302	0.1006	4	3.9254	-0.7197	-0.7461	-0.8913	-1.1495	-0.2492	-0.3612	0.0314	0.1006
4	100.671	-0.4606	-0.3603	0.0239	0.013	4	3.8998	-0.5922	-0.811	-0.917	-1.104	-0.2492	-0.3603	0.0417	0.013
4	100.693	-0.4586	-0.363	0.1149	-0.0697	4	3.8827	-0.4253	-0.5839	-0.9419	-1.1359	-0.2492	-0.363	0.1162	-0.0697
4	100.715	-0.4554	-0.3627	0.1657	-0.0058	4	3.8741	-0.5716	-0.4866	-0.9664	-1.1183	-0.2492	-0.3627	0.1692	-0.0058
4	100.737	-0.4512	-0.3627	0.1348	-0.0015	4	3.8741	-0.5133	-0.5839	-0.9911	-1.114	-0.0748	-0.3627	0.1286	-0.0015
4	100.761	-0.4478	-0.3609	0.1377	0.0624	4	3.8485	-0.7012	-0.5839	-1.0167	-1.0465	-0.1491	-0.3609	0.1345	0.0624
4	100.783	-0.4445	-0.3621	0.1175	-0.0239	4	3.8228	-0.5024	-0.6812	-1.0399	-1.0418	-0.1491	-0.3621	0.1183	-0.0239
4	100.805	-0.4409	-0.3642	0.1761	-0.083	4	3.8057	-0.3424	-0.3568	-1.0632	-1.0718	0.0103	-0.3642	0.1824	-0.083
4	100.825	-0.4364	-0.3652	0.1985	-0.0615	4	3.8057	-0.3212	-0.292	-1.0846	-1.0715	-0.0278	-0.3652	0.1977	-0.0615
4	100.848	-0.4313	-0.3648	0.1605	-0.0127	4	3.8313	-0.3023	-0.3893	-1.1096	-1.0812	-0.0278	-0.3648	0.1581	-0.0127
4	100.87	-0.4278	-0.363	0.1362	0.0603	4	3.8057	-0.5006	-0.3893	-1.134	-1.1242	-0.0278	-0.363	0.1382	0.0603
4	100.891	-0.4245	-0.3591	0.1126	0.1148	4	3.7971	-0.654	-0.5839	-1.1587	-1.1247	-0.0278	-0.3591	0.1187	0.1148
4	100.911	-0.4219	-0.3582	0.1398	0.1027	4	3.8142	-0.57	-0.6488	-1.1801	-1.1385	-0.1601	-0.3582	0.1373	0.1027
4	100.932	-0.4188	-0.3552	0.1107	0.0882	4	3.7886	-0.597	-0.6163	-1.2036	-1.0988	-0.15	-0.3552	0.1162	0.0882
4	100.952	-0.416	-0.3558	0.1229	0.0109	4	3.7629	-0.4366	-0.519	-1.2256	-1.0947	-0.1663	-0.3558	0.122	0.0109
4	100.974	-0.412	-0.3558	0.1688	0.0021	4	3.7629	-0.3649	-0.292	-1.249	-1.0422	0.0072	-0.3558	0.1707	0.0021
4	100.996	-0.4069	-0.3558	0.2278	0.0003	4	3.7971	-0.227	-0.2271	-1.272	-1.059	0.0072	-0.3558	0.2306	0.0003
4	101.019	-0.4006	-0.3555	0.2493	0.0073	4	3.8142	-0.1344	-0.1946	-1.2966	-1.0658	0.0072	-0.3555	0.2493	0.0073
4	101.041	-0.3946	-0.3555	0.2574	0.0048	4	3.7971	-0.08	-0.0973	-1.3185	-1.0311	-0.1502	-0.3555	0.2557	0.0048
4	101.061	-0.3891	-0.3558	0.2429	-0.0067	4	3.78	-0.0042	0	-1.3386	-0.9923	-0.1763	-0.3558	0.2434	-0.0067
4	101.081	-0.3843	-0.3555	0.2201	-0.0018	4	3.7886	0.0649	0.0324	-1.3583	-0.9905	-0.4043	-0.3555	0.2204	-0.0018
4	101.159	-0.3826	-0.3555	0.2223	-0.0018	4	3.7971	0.1029	0.0649	-1.3654	-1.005	-0.13	-0.3555	0.224	-0.0018
4	101.181	-0.3624	-0.3421	0.2478	0.1179	4	3.7202	-0.2326	-0.3893	-1.4622	-1.0537	-0.0511	-0.3421	0.2609	0.1179
4	101.201	-0.3571	-0.3412	0.2389	0.0815	4	3.7373	-0.0588	-0.0649	-1.4826	-0.9976	-0.5541	-0.3412	0.2359	0.0815
4	101.223	-0.3513	-0.3364	0.2628	0.2033	4	3.7544	-0.3001	-0.2595	-1.5046	-0.9874	0.0738	-0.3364	0.262	0.2033
4	101.247	-0.3444	-0.3348	0.2826	0.0536	4	3.7287	0.0744	-0.3568	-1.5276	-0.9576	-0.0562	-0.3348	0.2855	0.0536
4	101.269	-0.3371	-0.3333	0.3414	0.0606	4	3.7116	0.1184	0.0973	-1.5486	-0.9555	-0.0562	-0.3333	0.3448	0.0606
4	101.291	-0.3291	-0.3312	0.3442	0.1279	4	3.7287	0.0654	0.0973	-1.5695	-0.9501	-0.0562	-0.3312	0.3375	0.1279
4	101.313	-0.3215	-0.3252	0.3193	0.3227	4	3.7373	-0.3562	-0.1946	-1.5904	-0.9316	-0.0562	-0.3252	0.3039	0.3227
4	101.336	-0.3141	-0.3176	0.3032	0.237	4	3.7458	-0.158	-0.3893	-1.6111	-0.8871	0.0518	-0.3176	0.3074	0.237
4	101.356	-0.3074	-0.3155	0.3094	0.1252	4	3.7287	0.1389	0.0324	-1.6284	-0.8615	-0.0624	-0.3155	0.3113	0.1252
4	101.378	-0.2999	-0.3091	0.3044	0.2655	4	3.7287	-0.174	0	-1.6492	-0.9259	0.0428	-0.3091	0.304	0.2655
4	101.398	-0.2936	-0.303	0.3525	0.2945	4	3.7116	-0.2608	-0.3244	-1.6673	-0.9625	0.0617	-0.303	0.3552	0.2945
4	101.419	-0.2857	-0.3009	0.3638	0.1633	4	3.7031	0.115	-0.0324	-1.6871	-0.9553	0.0068	-0.3009	0.367	0.1633
4	101.44	-0.277	-0.2958	0.3648	0.2206	4	3.7031	0.0281	0.0973	-1.7079	-0.9178	0.0068	-0.2958	0.3665	0.2206
4	101.462	-0.2672	-0.2936	0.4423	0.0433	4	3.7116	0.5587	-0.0324	-1.7271	-0.8545	0.0068	-0.2936	0.4695	0.0433
4	101.482	-0.2568	-0.2961	0.5521	-0.0688	4	3.7116	1.0103	0.5839	-1.7425	-0.7854	-0.1	-0.2961	0.5669	-0.0688
4	101.503	-0.244	-0.297	0.6405	-0.0252	4	3.6603	1.125	1.1029	-1.7583	-0.749	-0.1933	-0.297	0.6448	-0.0252
4	101.523	-0.2309	-0.297	0.62	-0.0055	4	3.6603	1.2634	1.1354	-1.7731	-0.7207	0.1788	-0.297	0.6246	-0.0055
4	101.545	-0.217	-0.2964	0.572	0.0136	4	3.6518	1.4011	1.3625	-1.7894	-0.7206	-0.1437	-0.2964	0.5743	0.0136
4	101.567	-0.2054	-0.2924	0.5388	0.1276	4	3.609	1.2391	1.2976	-1.8039	-0.6872	-0.1437	-0.2924	0.543	0.1276
4	101.59	-0.1921	-0.2861	0.5465	0.2685	4	3.5662	1.0166	1.0056	-1.8223	-0.7709	-0.1437	-0.2861	0.5502	0.2685
4	101.612	-0.1814	-0.2758	0.5388	0.5903	4	3.5491	0.2528	0.9083	-1.8372	-0.7152	-0.1437	-0.2758	0.5136	0.5903
4	101.632	-0.1712	-0.2588	0.4815	0.7415	4	3.532	-0.2442	0.1298	-1.851	-0.6597	0.1199	-0.2588	0.4763	0.7415
4	101.654	-0.1603	-0.2433	0.4622	0.5206	4	3.4893	0.209	-0.1298	-1.8652	-0.5953	-0.2285	-0.2433	0.4685	0.5206
4	101.733	-0.1574	-0.2433	0.446	0.4627	4	3.4893	0.3816	-0.1298	-1.8686	-0.5796	-0.1113	-0.2433	0.4546	0.4627
4	101.755	-0.1178	-0.2006	0.3867	0.4085	4	3.3952	0.4593	0.6163	-1.9094	-0.3858	-0.1113	-0.2006	0.3848	0.4085
4	101.777	-0.1106	-0.1909	0.2753	0.4664	4	3.3353	0.1454	0.3244	-1.9179	-0.3831	0.1201	-0.1909	0.273	0.4664
4	101.799	-0.1049	-0.1827	0.2166	0.4345	4	3.2926	0.1002	0.0973	-1.9263	-0.3803	0.2353	-0.1827	0.2134	0.4345
4	101.82	-0.1006	-0.1745	0.181	0.407	4	3.3011	0.076	0.1298	-1.9335	-0.3211	0.1766	-0.1745	0.1822	0.407
4	101.84	-0.0968	-0.1664	0.1681	0.4203	4	3.2498	-0.0645	-0.0324	-1.9397	-0.2993	0.0784	-0.1664	0.1684	0.4203
4	101.86	-0.093	-0.1591	0.1799	0.3712	4	3.2584	0.0457	0	-1.9456	-0.3022	0.0104	-0.1591	0.1777	0.3712
4	101.882	-0.0896	-0.1485	0.1347	0.5267	4	3.2156	-0.5522	-0.292	-1.9521	-0.2826	0.0819	-0.1485	0.1233	0.5267
4	101.905	-0.0877	-0.1379	0.023	0.353	4	3.1472	-0.5044	-0.6812	-1.9584	-0.2598	0.0819	-0.1379	0.0197	0.353
4	101.927	-0.087	-0.133	0.0124	0.2579	4	3.1472	-0.3372	-0.2595	-1.9633	-0.2052	0.0867	-0.133	0.0118	0.2579
4	101.949	-0.0869	-0.1261	0.0088	0.3279	4	3.1215	-0.6588	-0.5515	-1.9672	-0.1687	0.3176	-0.1261	0.0108	0.3279
4	101.969	-0.0872	-0.123	-0.0492	0.1973	4	3.113	-0.5057	-0.5515	-1.9703	-0.1418	0.0186	-0.123	-0.0545	0.1973
4	101.99	-0.089	-0.1173	-0.1035	0.2555	4	3.0702	-0.9697	-0.6812	-1.9735	-0.1691	0.1599	-0.1173	-0.1074	0.2555
4	102.012	-0.092	-0.1109	-0.1707	0.2391	4	3.0702	-1.239	-1.2003	-1.9778	-0.2082	0.0499	-0.1109	-0.1635	0.2391
4	102.034	-0.0963	-0.1088	-0.2444	0.1733	4	3.0531	-1.4004	-1.2651	-1.9825	-0.2076	-0.1731	-0.1088	-0.2571	0.1733
4	102.056	-0.1025	-0.1009	-0.2829	0.2576	4	3.0189	-2.0482	-1.7517	-1.9869	-0.1776	0.199	-0.1009	-0.2887	0.2576
4	102.077	-0.1083	-0.1015	-0.2944	0.0597	4	3.036	-1.6143	-1.7842	-1.9896	-0.1205	-0.0485	-0.1015	-0.2968	0.0597
4	102.099	-0.1152	-0.1015	-0.3282	0.0203	4	3.0189	-1.785	-1.5895	-1.9922	-0.119	-0.0017	-0.1015	-0.3316	0.0203
4	102.121	-0.1232	-0.1024	-0.3837	-0.0255	4	3.0274	-1.9319	-1.8815	-1.9951	-0.1376	0.2413	-0.1024	-0.3915	-0.0255
4	102.141	-0.1314	-0.1036	-0.4398	-0.0494	4	3.0103	-2.2226	-1.9788	-1.998	-0.149	0.0455	-0.1036	-0.45	-0.0494
4	102.162	-0.1418	-0.1052	-0.5314	-0.0636	4	3.0274	-2.5492	-2.2059	-2.0015	-0.1754	0.2593	-0.1052	-0.5409	-0.0636
3	102.188	-0.1463	-0.1055	-0.5637	-0.0576	4	2.9932	-2.8839	-2.4329	-2.003	-0.185	0.0717	-0.1055	-0.5706	-0.0576
3	102.209	-0.1698	-0.103	-0.6172	0.0639	4	2.9761	-2.8839	0.3893	-2.0126	-0.2542	0.1387	-0.103	-0.6183	0.0639
3	102.229	-0.1816	-0.0976	-0.588	0.1933	4	3.0018	-2.8839	2.0437	-2.0179	-0.2777	0.0055	-0.0976	-0.5879	0.1933
3	102.304	-0.1841	-0.0976	-0.5711	0.3015	4	3.0103	-2.8839	2.5627	-2.019	-0.2717	0.0055	-0.0976	-0.5896	0.3015
3	102.324	-0.2287	-0.0788	-0.5705	-0.6342	4	3.0103	-2.8839	9.602	-2.0476	-0.39	-0.0158	-0.0788	-0.5585	-0.6342
3	102.345	-0.2383	-0.1048	-0.4443	-0.7633	4	3.036	-2.8839	9.1155	-2.0567	-0.4863	-0.0039	-0.1048	-0.4372	-0.7633
3	102.366	-0.2459	-0.1267	-0.3922	-0.9815	4	3.0531	-2.8839	11.7755	-2.0682	-0.5792	0.065	-0.1267	-0.3903	-0.9815
3	102.389	-0.2523	-0.1576	-0.2927	-1.3518	4	3.0446	-2.8839	15.5709	-2.0826	-0.69	0.0155	-0.1576	-0.2878	-1.3518
3	102.409	-0.2555	-0.1964	-0.1181	-1.7497	4	3.0446	-2.8839	18.5877	-2.0982	-0.795	-0.0649	-0.1964	-0.1147	-1.7497
3	102.429	-0.2561	-0.2339	-0.0347	-1.8527	4	3.0446	-2.8839	20.2097	-2.1155	-0.8965	-0.0649	-0.2339	-0.0336	-1.8527
3	102.45	-0.2563	-0.2636	-0.0094	-1.6358	4	3.0873	-2.8839	18.9121	-2.1347	-1.0039	-0.0649	-0.2636	-0.0095	-1.6358
3	102.471	-0.2567	-0.2806	-0.0293	-1.1173	4	3.1472	-2.8839	16.4467	-2.1577	-1.152	-0.0649	-0.2806	-0.0322	-1.1173
3	102.492	-0.2587	-0.2845	-0.0994	-0.2248	4	3.1386	-2.8839	14.0787	-2.1824	-1.1785	0.2471	-0.2845	-0.1415	-0.2248
3	102.513	-0.2623	-0.2794	-0.1311	0.2091	4	3.113	-2.8839	12.2621	-2.2073	-1.1799	-0.4699	-0.2794	-0.1592	0.2091
3	102.534	-0.2658	-0.2658	-0.1537	0.7306	4	3.1386	-2.8839	7.6232	-2.2311	-1.0864	-0.1631	-0.2658	-0.1652	0.7306
3	102.556	-0.2688	-0.2303	-0.0929	1.0912	4	3.1643	-2.8839	7.8179	-2.2536	-0.9878	-0.1631	-0.2303	-0.0915	1.0912
3	102.576	-0.2701	-0.2145	-0.101	0.8997	4	3.1643	-2.8839	9.602	-2.2717	-0.8417	-0.1631	-0.2145	-0.104	0.8997
3	102.596	-0.2711	-0.2076	-0.0761	0.5488	4	3.1985	-2.8839	11.7755	-2.2866	-0.6972	0.054	-0.2076	-0.0734	0.5488
3	102.618	-0.2712	-0.2127	-0.0722	0.0212	4	3.1557	-2.8839	15.3438	-2.3015	-0.7152	0.0747	-0.2127	-0.0715	0.0212
3	102.64	-0.2731	-0.2118	-0.1946	0	4	3.2241	-2.8839	13.5272	-2.3187	-0.7701	0.2651	-0.2118	-0.2014	0
3	102.66	-0.2776	-0.213	-0.3141	-0.0379	4	3.2327	-2.8839	14.3382	-2.3338	-0.7507	0.2994	-0.213	-0.3141	-0.0379
3	102.681	-0.281	-0.2206	-0.17	-0.2303	4	3.207	-2.8839	17.3875	-2.3507	-0.8507	0.2994	-0.2206	-0.1671	-0.2303
3	102.701	-0.2829	-0.2297	-0.1824	-0.4042	4	3.2498	-2.8839	15.7655	-2.3687	-0.9212	0.2994	-0.2297	-0.185	-0.4042
3	102.723	-0.2865	-0.23	-0.2063	-0.0767	4	3.1899	-2.8839	15.506	-2.3889	-0.9156	-0.0219	-0.23	-0.2181	-0.0767
3	102.743	-0.2909	-0.23	-0.2736	-0.0182	4	3.2413	-2.8839	15.8628	-2.407	-0.9038	0.0324	-0.23	-0.2825	-0.0182
3	102.763	-0.2965	-0.23	-0.3524	0.0055	4	3.2413	-2.8839	16.0899	-2.4255	-0.9243	0.0324	-0.23	-0.3569	0.0055
3	102.784	-0.3038	-0.2294	-0.3712	0.023	4	3.207	-2.8839	16.3819	-2.4445	-0.9019	0.0324	-0.2294	-0.3694	0.023
3	102.877	-0.3107	-0.2291	-0.349	0.0106	4	3.2241	-2.8839	16.8036	-2.4631	-0.8396	-0.0297	-0.2291	-0.3491	0.0106
3	102.897	-0.3425	-0.2433	-0.3965	-0.4415	4	3.2156	-2.8839	20.5665	-2.5475	-1.0147	-0.0297	-0.2433	-0.3983	-0.4415
3	102.917	-0.351	-0.2461	-0.5024	-0.1418	4	3.2156	-2.8839	19.5934	-2.569	-1.0991	-0.0297	-0.2461	-0.5073	-0.1418
3	102.937	-0.3611	-0.2467	-0.5806	-0.0624	4	3.1899	-2.8839	19.5934	-2.591	-1.1005	0.1922	-0.2467	-0.581	-0.0624
3	102.959	-0.373	-0.2458	-0.6008	0.0167	4	3.1472	-2.8839	19.5934	-2.6147	-1.0581	0.1319	-0.2458	-0.601	0.0167
3	102.98	-0.3846	-0.2442	-0.5913	0.0585	4	3.1985	-2.8839	19.788	-2.6363	-1.0078	0.0653	-0.2442	-0.5872	0.0585
3	103.001	-0.3961	-0.2339	-0.5856	0.4642	4	3.207	-2.8839	15.9926	-2.6567	-0.9508	0.0856	-0.2339	-0.5864	0.4642
3	103.021	-0.4082	-0.2167	-0.7111	0.7615	4	3.1985	-2.8839	15.5384	-2.6751	-0.8929	0.0856	-0.2167	-0.7134	0.7615
3	103.043	-0.4243	-0.1958	-0.8534	0.6927	4	3.207	-2.8839	15.9926	-2.6937	-0.8096	-0.0575	-0.1958	-0.8509	0.6927
3	103.064	-0.4402	-0.1867	-0.7981	0.5252	4	3.1643	-2.8839	16.8685	-2.711	-0.8604	0.4131	-0.1867	-0.7904	0.5252
3	103.085	-0.4554	-0.1839	-0.8047	0.2224	4	3.2156	-2.8839	19.4636	-2.7271	-0.7036	-0.4557	-0.1839	-0.8019	0.2224
3	103.106	-0.4711	-0.1958	-0.8147	-0.4258	4	3.207	-2.8839	24.3295	-2.7419	-0.7377	-0.413	-0.1958	-0.7958	-0.4258
3	103.127	-0.4857	-0.2115	-0.6475	-0.6412	4	3.1899	-2.8839	23.4536	-2.7564	-0.6997	-0.413	-0.2115	-0.6443	-0.6412
3	103.147	-0.4977	-0.2252	-0.562	-0.6839	4	3.2327	-2.8839	25.7568	-2.772	-0.8544	-0.413	-0.2252	-0.5524	-0.6839
3	103.167	-0.5058	-0.2376	-0.2639	-0.6333	4	3.2156	-2.8839	25.6271	-2.7932	-1.2167	-0.413	-0.2376	-0.2515	-0.6333
3	103.188	-0.5091	-0.2448	-0.2531	-0.4206	4	3.2584	-2.8839	24.1349	-2.8209	-1.2695	0.7431	-0.2448	-0.2629	-0.4206
3	103.21	-0.5148	-0.2491	-0.1461	-0.2833	4	3.2584	-2.8839	25.2378	-2.8482	-1.3802	-0.5992	-0.2491	-0.1362	-0.2833
3	103.231	-0.5144	-0.2497	0.1521	-0.1012	4	3.1472	-2.8839	24.0375	-2.8804	-1.5305	-0.7733	-0.2497	0.1538	-0.1012
3	103.252	-0.5089	-0.2488	0.295	0.0045	4	3.1301	-2.8839	24.1024	-2.9129	-1.5455	-0.0997	-0.2488	0.2927	0.0045
3	103.272	-0.5057	-0.2482	-0.0038	0.0336	4	3.1301	-2.8839	24.5241	-2.9417	-1.3378	-0.3403	-0.2482	-0.0088	0.0336
3	103.294	-0.506	-0.2482	-0.0114	0.0061	4	3.113	-2.8839	25.2054	-2.9693	-1.2223	-0.3403	-0.2482	-0.0061	0.0061
3	103.314	-0.5048	-0.2482	0.0607	-0.0052	4	3.0959	-2.8839	25.5622	-2.9895	-0.921	-0.3403	-0.2482	0.0667	-0.0052
3	103.335	-0.5013	-0.2485	0.2389	-0.0152	4	3.0446	-2.8839	25.8866	-3.0087	-0.8953	0.093	-0.2485	0.2426	-0.0152
3	103.356	-0.4946	-0.2485	0.3213	-0.0042	4	2.9932	-2.8839	26.2434	-3.0254	-0.7661	-0.5811	-0.2485	0.3189	-0.0042
3	103.45	-0.489	-0.2485	0.2206	-0.0012	4	2.9761	-2.8839	26.5678	-3.0436	-0.8811	-0.6162	-0.2485	0.2186	-0.0012
3	103.47	-0.4708	-0.2436	0.1965	0.0342	4	2.788	-2.8839	27.8654	-3.1227	-0.8881	-0.2588	-0.2436	0.1946	0.0342
3	103.491	-0.4679	-0.2203	0.0705	0.6627	4	2.7538	-2.8839	21.3451	-3.1399	-0.8135	-0.1736	-0.2203	0.0657	0.6627
3	103.512	-0.4667	-0.2085	-0.0164	0.7276	4	2.6512	-2.8839	24.8161	-3.1562	-0.7398	-0.0714	-0.2085	-0.0185	0.7276
3	103.534	-0.4667	-0.2103	-0.1133	-0.0509	4	2.5827	-2.8839	30.5254	-3.1713	-0.6742	-0.6115	-0.2103	-0.0649	-0.0509
3	103.554	-0.4673	-0.2076	0.0011	0.1352	4	2.5229	-2.8839	27.7681	-3.1845	-0.649	-0.2756	-0.2076	0.0041	0.1352
3	103.575	-0.4664	-0.2079	0.038	0.0385	4	2.4716	-2.8839	27.9951	-3.1981	-0.6543	-0.5033	-0.2079	0.0433	0.0385
3	103.596	-0.4658	-0.2079	0.018	0.0097	4	2.386	-2.8839	28.3195	-3.2115	-0.6287	-0.4629	-0.2079	0.0187	0.0097
3	103.617	-0.4645	-0.2082	0.1091	-0.0061	4	2.3262	-2.8839	28.7412	-3.2251	-0.668	-0.4629	-0.2082	0.1129	-0.0061
3	103.638	-0.4617	-0.2088	0.12	-0.0236	4	2.2407	-2.8839	29.0981	-3.2388	-0.6291	-0.3182	-0.2088	0.1194	-0.0236
3	103.658	-0.4588	-0.2094	0.1695	-0.0261	4	2.1637	-2.8839	29.3576	-3.251	-0.6085	-0.4889	-0.2094	0.1717	-0.0261
3	103.678	-0.4549	-0.2097	0.1656	-0.0233	4	2.1038	-2.8839	29.6171	-3.2625	-0.5537	-0.2714	-0.2097	0.1635	-0.0233
3	103.7	-0.4506	-0.2097	0.1836	-0.0121	4	2.0097	-2.8839	29.7793	-3.2752	-0.594	-0.2714	-0.2097	0.1854	-0.0121
3	103.72	-0.4466	-0.2097	0.1698	-0.0033	4	1.967	-2.8839	30.0713	-3.2872	-0.6001	-0.2669	-0.2097	0.168	-0.0033
3	103.742	-0.4431	-0.2094	0.1272	0.013	4	1.8986	-2.8839	30.0713	-3.2986	-0.5055	-0.4004	-0.2094	0.1271	0.013
3	103.763	-0.4401	-0.2073	0.1427	0.0788	4	1.8473	-2.8839	30.0713	-3.3103	-0.5365	-0.4004	-0.2073	0.1415	0.0788
3	103.785	-0.4374	-0.2055	0.0776	0.0782	4	1.7959	-2.8839	30.5578	-3.3208	-0.4641	-0.4426	-0.2055	0.0781	0.0782
3	103.805	-0.4356	-0.2042	0.0993	0.0539	4	1.719	-2.8839	30.9147	-3.3303	-0.4698	-0.381	-0.2042	0.1014	0.0539
3	103.825	-0.4338	-0.2036	0.0589	0.027	4	1.6762	-2.8839	31.3364	-3.3389	-0.4189	-0.3262	-0.2036	0.0596	0.027
3	103.845	-0.432	-0.2033	0.0996	0.1352	4	1.6335	-2.8839	27.4761	-3.3471	-0.3992	-0.3262	-0.2033	0.0975	0.1352
3	103.867	-0.4296	-0.1936	0.1248	0.2191	4	1.5992	-2.8839	31.4986	-3.3551	-0.3831	-0.5789	-0.1936	0.1347	0.2191
3	103.888	-0.4264	-0.1936	0.1465	0.0627	4	1.5565	-2.8839	31.6608	-3.3627	-0.3248	-0.3418	-0.1936	0.1458	0.0627
3	103.909	-0.4236	-0.1933	0.1471	0.0415	4	1.5137	-2.8839	31.6608	-3.3696	-0.3561	-0.5585	-0.1933	0.1467	0.0415
3	103.93	-0.4207	-0.1912	0.1102	0.0645	4	1.4453	-2.8839	31.7905	-3.3767	-0.3053	-0.3291	-0.1912	0.1087	0.0645
3	104.023	-0.418	-0.1815	0.1455	0.3542	4	1.394	-2.8839	28.5466	-3.3838	-0.3403	-0.3291	-0.1815	0.1474	0.3542
3	104.043	-0.4068	-0.1255	0.1198	0.7061	4	1.2144	-2.8839	27.1193	-3.405	-0.2344	-0.4218	-0.1255	0.1209	0.7061
3	104.064	-0.4042	-0.1115	0.1077	0.6836	4	1.1716	-2.8839	26.9571	-3.4092	-0.178	-0.4208	-0.1115	0.1083	0.6836
3	104.084	-0.4019	-0.1	0.1193	0.6064	4	1.1374	-2.8839	27.1193	-3.4132	-0.2126	-0.4208	-0.1	0.1235	0.6064
3	104.107	-0.3991	-0.0885	0.1143	0.5615	4	1.1032	-2.8839	27.1193	-3.4175	-0.1566	-0.374	-0.0885	0.1151	0.5615
3	104.127	-0.3967	-0.0785	0.129	0.5036	4	1.0605	-2.8839	27.5086	-3.4201	-0.1298	-0.4221	-0.0785	0.132	0.5036
3	104.148	-0.3936	-0.0709	0.1468	0.4127	4	1.0091	-2.8839	27.3788	-3.4231	-0.1395	-0.3813	-0.0709	0.1474	0.4127
3	104.169	-0.3909	-0.0661	0.1017	0.2697	4	0.9835	-2.8839	27.249	-3.4256	-0.1063	-0.4151	-0.0661	0.1013	0.2697
3	104.191	-0.3886	-0.0558	0.1161	0.3409	4	0.9407	-2.8839	27.1842	-3.4281	-0.1129	-0.3705	-0.0558	0.1162	0.3409
3	104.212	-0.3863	-0.0494	0.0956	0.3264	4	0.898	-2.8839	27.022	-3.4299	-0.0802	-0.4035	-0.0494	0.095	0.3264
3	104.233	-0.3843	-0.0452	0.0879	0.2667	4	0.8467	-2.8839	27.5734	-3.4316	-0.0699	-0.3754	-0.0452	0.0872	0.2667
3	104.254	-0.3826	-0.0379	0.0821	0.3055	4	0.7953	-2.8839	25.9515	-3.433	-0.0777	-0.3501	-0.0379	0.0819	0.3055
3	104.276	-0.3807	-0.0318	0.0865	0.3385	4	0.7611	-2.8839	26.3407	-3.4345	-0.0598	-0.3708	-0.0318	0.0826	0.3385
3	104.297	-0.379	-0.0224	0.0703	0.4306	4	0.7184	-2.8839	25.5298	-3.4356	-0.0479	-0.3369	-0.0224	0.0684	0.4306
3	104.317	-0.3778	-0.0124	0.0659	0.4724	4	0.6671	-2.8839	24.9783	-3.4366	-0.0575	-0.3611	-0.0124	0.0656	0.4724
3	104.338	-0.3766	-0.0024	0.0543	0.4918	4	0.6158	-2.8839	24.2971	-3.4372	-0.0147	-0.3828	-0.0024	0.0552	0.4918
3	104.36	-0.375	0.007	0.0679	0.4591	4	0.573	-2.8839	24.0375	-3.4379	-0.0329	-0.3272	0.007	0.0671	0.4591
3	104.381	-0.3739	0.0203	0.0445	0.4679	4	0.5302	-2.8839	23.9727	-3.4381	0.0023	-0.4035	0.0203	0.0451	0.4679
3	104.402	-0.3725	0.0276	0.093	0.4039	4	0.5046	-2.8839	23.8105	-3.4381	0	-0.3936	0.0276	0.0943	0.4039
3	104.423	-0.3705	0.0342	0.0843	0.3521	4	0.4704	-2.8839	23.4536	-3.4379	0.0176	-0.3926	0.0342	0.0839	0.3521
3	104.445	-0.3689	0.0397	0.0686	0.2815	4	0.4276	-2.8839	23.8429	-3.4375	0.0228	-0.3645	0.0397	0.0739	0.2815
3	104.465	-0.3673	0.0452	0.0791	0.2621	4	0.3934	-2.8839	23.4536	-3.437	0.0198	-0.3718	0.0452	0.0831	0.2621
3	104.486	-0.3653	0.0473	0.077	0.1094	4	0.3506	-2.8839	24.4917	-3.4363	0.0457	-0.37	0.0473	0.0909	0.1094
3	104.507	-0.3633	0.0473	0.093	0.0312	4	0.3079	-2.8839	24.4593	-3.4354	0.0377	-0.3581	0.0473	0.0938	0.0312
3	104.594	-0.3619	0.0473	0.0768	0.0167	4	0.2908	-2.8839	24.3944	-3.4348	0.0436	-0.3538	0.0473	0.0765	0.0167
3	104.614	-0.3548	0.0473	0.0762	0	4	0.2651	-2.8839	24.1024	-3.4305	0.0366	-0.3177	0.0473	0.0759	0
3	104.635	-0.3533	0.0476	0.0643	0.0397	4	0.248	-2.8839	23.7456	-3.4298	0.0334	-0.3341	0.0476	0.0584	0.0397
3	104.655	-0.3523	0.0536	0.0882	0.3539	4	0.2138	-2.8839	20.7287	-3.4295	0	-0.3304	0.0536	0.0599	0.3539
3	104.678	-0.3509	0.0597	0.0426	0.2164	4	0.1881	-2.8839	22.8697	-3.4296	0.01	-0.3304	0.0597	0.046	0.2164
3	104.698	-0.3496	0.0624	0.0735	0.1382	4	0.171	-2.8839	22.8048	-3.4288	0.0496	-0.3436	0.0624	0.0774	0.1382
3	104.719	-0.3477	0.0764	0.0959	0.4409	4	0.1539	-2.8839	19.496	-3.4277	0.0552	-0.2836	0.0764	0.0943	0.4409
3	104.739	-0.346	0.0873	0.0707	0.5152	4	0.1454	-2.8839	19.5609	-3.4266	0.055	-0.3229	0.0873	0.0687	0.5152
3	104.761	-0.3447	0.0973	0.0391	0.4997	4	0.1283	-2.8839	18.7824	-3.4252	0.0665	-0.3012	0.0973	0.0383	0.4997
3	104.781	-0.3439	0.1082	0.0351	0.5233	4	0.1112	-2.8839	17.647	-3.424	0.0532	-0.3012	0.1082	0.0351	0.5233
3	104.801	-0.3431	0.12	0.0406	0.563	4	0.0684	-2.8839	16.9982	-3.4233	0.0178	-0.3705	0.12	0.041	0.563
3	104.822	-0.3425	0.1321	0.0368	0.5879	4	0.0428	-2.8839	16.5116	-3.4232	0.0052	-0.363	0.1321	0.038	0.5879
3	104.844	-0.3412	0.1433	0.0902	0.5855	4	0.0086	-2.8839	16.5765	-3.4227	0.0366	-0.3474	0.1433	0.0936	0.5855
3	104.865	-0.3384	0.1509	0.1311	0.413	4	0.0086	-2.8839	16.4467	-3.4217	0.0553	-0.3192	0.1509	0.1374	0.413
3	104.885	-0.3355	0.1564	0.1187	0.2967	4	0	-2.8839	16.7711	-3.4207	0.0471	-0.3192	0.1564	0.1251	0.2967
3	104.905	-0.3332	0.1615	0.1001	0.23	4	0	-2.8839	16.5765	-3.4197	0.0411	-0.3192	0.1615	0.1078	0.23
3	104.926	-0.3308	0.1627	0.0934	0.0764	4	0.0086	-2.8839	17.1604	-3.419	0.0342	-0.3174	0.1627	0.1058	0.0764
3	104.947	-0.3282	0.1627	0.1139	0.013	4	0.0086	-2.8839	16.9982	-3.4187	-0.0005	-0.2669	0.1627	0.1145	0.013
3	104.968	-0.3252	0.1621	0.1247	-0.0342	4	0.0086	-2.8839	17.0631	-3.4187	-0.0011	-0.272	0.1621	0.1269	-0.0342
3	104.989	-0.3219	0.1588	0.1341	-0.1185	4	0.0086	-2.8839	18.2958	-3.4191	-0.0247	-0.2002	0.1588	0.1332	-0.1185
3	105.011	-0.3195	0.1591	0.0782	-0.0073	4	0.0086	-2.8839	16.3494	-3.4201	-0.0552	-0.2029	0.1591	0.0764	-0.0073
3	105.032	-0.3176	0.1591	0.0679	-0.0021	4	0.0086	-2.8839	16.1548	-3.4209	-0.0297	-0.2021	0.1591	0.0688	-0.0021
3	105.052	-0.3158	0.1591	0.0597	-0.0006	4	0.0086	-2.8839	15.8953	-3.4214	-0.0227	-0.1918	0.1591	0.0581	-0.0006
3	105.072	-0.3148	0.1594	0.0242	0.0036	4	0.0086	-2.8839	15.7006	-3.4217	-0.0027	-0.2626	0.1594	0.0239	0.0036
3	105.166	-0.3138	0.1594	0.0416	0.0045	4	0.0086	-2.8839	15.4736	-3.4211	0.0379	-0.2984	0.1594	0.0426	0.0045
3	105.186	-0.3098	0.1594	0.067	-0.0021	4	0.0086	-2.8839	14.5328	-3.4198	-0.0054	-0.3004	0.1594	0.0673	-0.0021
3	105.206	-0.3085	0.1594	0.0562	-0.0024	4	0.0086	-2.8839	14.2733	-3.4199	0.0042	-0.3168	0.1594	0.0554	-0.0024
3	105.227	-0.3075	0.1591	0.0455	-0.0061	4	0.0086	-2.8839	14.1111	-3.4199	-0.0065	-0.3168	0.1591	0.0453	-0.0061
3	105.248	-0.3067	0.1591	0.0451	-0.0073	4	0.0086	-2.8839	13.884	-3.4202	-0.0244	-0.3168	0.1591	0.0451	-0.0073
3	105.269	-0.3057	0.1588	0.0415	-0.0033	4	0.0086	-2.8839	13.657	-3.4208	-0.0205	-0.2988	0.1588	0.0415	-0.0033
3	105.29	-0.3045	0.1585	0.0775	-0.0021	4	0.0086	-2.8839	13.4299	-3.421	0	-0.2447	0.1585	0.0794	-0.0021
3	105.31	-0.3025	0.1579	0.0897	-0.0367	4	0.0086	-2.8839	13.1704	-3.4206	0.0221	-0.2679	0.1579	0.0891	-0.0367
3	105.331	-0.3007	0.1579	0.073	-0.0058	4	0	-2.8839	12.9433	-3.4206	-0.0053	-0.2679	0.1579	0.0706	-0.0058
3	105.352	-0.2995	0.1579	0.0384	-0.0015	4	0	-2.8839	12.7487	-3.4205	-0.0015	-0.2735	0.1579	0.038	-0.0015
3	105.372	-0.2986	0.1579	0.0482	-0.0006	4	0	-2.8839	12.5216	-3.4209	-0.0232	-0.2418	0.1579	0.049	-0.0006
3	105.393	-0.2971	0.1579	0.0641	-0.0009	4	0	-2.8839	12.3269	-3.421	0.0076	-0.2519	0.1579	0.0656	-0.0009
3	105.415	-0.2952	0.1576	0.0665	-0.0018	4	0	-2.8839	12.0999	-3.4208	0.0131	-0.207	0.1576	0.0661	-0.0018
3	105.435	-0.2939	0.1576	0.0437	-0.0036	4	0	-2.8839	11.9701	-3.4205	0.0072	-0.2275	0.1576	0.0432	-0.0036
0	105.455	-0.2931	0.157	0.0127	-0.0012	0	0	-2.8839	11.6782	-3.4206	-0.0021	-0.2275	0.157	0.0116	-0.0012
0	105.475	-0.2908	0.097	0.0198	-2.0273	0	0	-2.8839	0	-3.4206	0.0057	-0.0745	0.097	0.0346	-2.0273
0	105.496	-0.2885	0.0242	0.0435	-3.2327	0	0	-2.8839	0	-3.4202	0.0192	-0.0671	0.0242	0.0453	-3.2327
0	105.517	-0.289	0.0121	0.034	-1.4345	0	0	-2.8839	0	-3.4205	-0.02	-0.1052	0.0121	0.0317	-1.4345
0	105.537	-0.2892	0.0158	0.0086	-0.2582	0	0	-2.8839	0	-3.4217	-0.075	-0.2162	0.0158	0.0081	-0.2582
0	105.558	-0.2885	0.0052	0.0307	-0.4345	0	0	-2.8839	0	-3.4235	-0.0972	-0.3022	0.0052	0.0305	-0.4345
0	105.579	-0.2878	-0.0127	-0.0147	-0.7606	0	0	-2.8839	0	-3.4253	-0.0804	-0.2417	-0.0127	-0.0176	-0.7606
0	105.601	-0.2878	-0.0297	0.004	-0.7758	0	0	-2.8839	0	-3.4273	-0.1009	-0.1649	-0.0297	-0.0028	-0.7758
0	105.622	-0.2876	-0.0439	-0.0138	-0.7291	0	0	-2.8839	0	-3.429	-0.0691	-0.1531	-0.0439	-0.0163	-0.7291
0	105.642	-0.2878	-0.057	-0.0036	-0.6188	0	0	-2.8839	0	-3.4304	-0.0659	-0.3025	-0.057	-0.0138	-0.6188
0	105.664	-0.2881	-0.0724	-0.0069	-0.5445	0	0	-2.8839	0	-3.4314	-0.0286	-0.3413	-0.0724	-0.0069	-0.5445
0	105.737	-0.2882	-0.0724	-0.0085	-0.5445	0	0	-2.8839	0	-3.4314	-0.0276	-0.3413	-0.0724	-0.0091	-0.5445
0	105.757	-0.2858	-0.103	0.0506	-0.2039	0	0	-2.8839	0	-3.4319	0.001	-0.3665	-0.103	0.0509	-0.2039
0	105.777	-0.2851	-0.1033	0.049	-0.0712	0	0	-2.8839	0	-3.4318	0.0111	-0.2326	-0.1033	0.0489	-0.0712
0	105.798	-0.2839	-0.1045	0.0556	-0.0658	0	0	-2.8839	0	-3.4313	0.0257	-0.3104	-0.1045	0.0564	-0.0658
0	105.819	-0.2828	-0.1045	0.0515	-0.017	0	0	-2.8839	0	-3.4308	0.0245	-0.2929	-0.1045	0.0505	-0.017
0	105.84	-0.2819	-0.1039	0.0363	0.0155	0	0	-2.8839	0	-3.4304	0.0175	-0.2478	-0.1039	0.0357	0.0155
0	105.861	-0.2811	-0.103	0.0296	0.0324	0	0	-2.8839	0	-3.4301	0.0124	-0.2541	-0.103	0.03	0.0324
0	105.883	-0.2802	-0.1006	0.0458	0.1127	0	0	-2.8839	0	-3.4301	-0.0079	-0.2651	-0.1006	0.0438	0.1127
0	105.904	-0.2792	-0.0982	0.0265	0.0809	0	0	-2.8839	0	-3.4303	-0.0154	-0.2142	-0.0982	0.0274	0.0809
0	105.924	-0.2786	-0.0945	0.0198	0.1479	0	0	-2.8839	0	-3.4309	-0.03	-0.1996	-0.0945	0.018	0.1479
0	105.945	-0.2781	-0.0933	0.0175	0.0876	0	0	-2.8839	0	-3.4314	-0.0303	-0.2402	-0.0933	0.0191	0.0876
0	105.968	-0.2775	-0.0933	0.0169	0.0245	0	0	-2.8839	0	-3.432	-0.0139	-0.2405	-0.0933	0.0172	0.0245
0	105.988	-0.2768	-0.0939	0.0356	-0.0064	0	0	-2.8839	0	-3.432	0.0037	-0.2154	-0.0939	0.0368	-0.0064
0	106.009	-0.2759	-0.0948	0.0313	-0.0345	0	0	-2.8839	0	-3.4318	0.0103	-0.2767	-0.0948	0.0316	-0.0345
0	106.03	-0.2754	-0.0948	0.0182	-0.0127	0	0	-2.8839	0	-3.4317	0.0054	-0.2828	-0.0948	0.0182	-0.0127
0	106.052	-0.2751	-0.0955	0.012	-0.0258	0	0	-2.8839	0	-3.4315	0.01	-0.2893	-0.0955	0.0147	-0.0258
0	106.073	-0.2745	-0.0967	0.0249	-0.047	0	0	-2.8839	0	-3.4314	0.0009	-0.2332	-0.0967	0.0257	-0.047
0	106.094	-0.274	-0.097	0.0229	-0.0218	0	0	-2.8839	0	-3.4315	-0.0027	-0.2544	-0.097	0.0223	-0.0218
0	106.115	-0.2736	-0.097	0.0179	-0.0061	0	0	-2.8839	0	-3.4315	-0.0035	-0.2628	-0.097	0.0179	-0.0061
0	106.136	-0.2733	-0.097	0.0125	-0.0018	0	0	-2.8839	0	-3.4317	-0.011	-0.2915	-0.097	0.0123	-0.0018
0	106.157	-0.2731	-0.0967	0.0097	0.0042	0	0	-2.8839	0	-3.4319	-0.0112	-0.2729	-0.0967	0.0102	0.0042
0	106.178	-0.2729	-0.0964	0.005	0.0179	0	0	-2.8839	0	-3.4322	-0.0107	-0.2463	-0.0964	0.0053	0.0179
0	106.199	-0.2728	-0.0961	0.0076	0.0173	0	0	-2.8839	0	-3.4322	0.003	-0.2574	-0.0961	0.0089	0.0173
0	106.221	-0.2725	-0.0936	0.0342	0.0652	0	0	-2.8839	0	-3.432	0.0113	-0.2904	-0.0936	0.0356	0.0652
0	106.309	-0.2719	-0.0927	0.0378	0.0809	0	0	-2.8839	0	-3.4318	0.0176	-0.234	-0.0927	0.0379	0.0809
0	106.329	-0.2663	-0.0748	0.0797	0.1182	0	0	-2.8839	0	-3.4283	0.0421	-0.3492	-0.0748	0.08	0.1182
0	106.35	-0.2652	-0.0706	0.0636	0.1712	0	0	-2.8839	0	-3.4273	0.0484	-0.3164	-0.0706	0.0641	0.1712
0	106.371	-0.264	-0.0673	0.0519	0.1985	0	0	-2.8839	0	-3.4268	0.0077	-0.1726	-0.0673	0.0506	0.1985
0	106.392	-0.2627	-0.0664	0.0528	0.0879	0	0	-2.8839	0	-3.4269	-0.0162	-0.1718	-0.0664	0.0553	0.0879
0	106.413	-0.2612	-0.0639	0.0611	0.0967	0	0	-2.8839	0	-3.4275	-0.0289	-0.2187	-0.0639	0.0634	0.0967
0	106.434	-0.2596	-0.0639	0.06	0.0252	0	0	-2.8839	0	-3.4282	-0.0418	-0.2112	-0.0639	0.0602	0.0252
0	106.456	-0.2583	-0.0642	0.037	-0.0018	0	-0.0086	-2.8839	0	-3.4288	-0.0161	-0.1984	-0.0642	0.0384	-0.0018
0	106.476	-0.2574	-0.0645	0.0497	-0.0127	0	-0.0086	-2.8839	0	-3.429	0.0003	-0.1488	-0.0645	0.0513	-0.0127
0	106.497	-0.2562	-0.0645	0.0385	-0.0058	0	-0.0086	-2.8839	0	-3.4289	0.0004	-0.2034	-0.0645	0.0379	-0.0058
0	106.518	-0.2556	-0.0645	0.0108	-0.0015	0	-0.0086	-2.8839	0	-3.4288	0.008	-0.1941	-0.0645	0.0099	-0.0015
0	106.541	-0.2552	-0.0645	0.0161	0.0018	0	-0.0086	-2.8839	0	-3.4284	0.0212	-0.1935	-0.0645	0.0166	0.0018
0	106.561	-0.2546	-0.0642	0.0269	0.0118	0	-0.0086	-2.8839	0	-3.428	0.0162	-0.3179	-0.0642	0.0264	0.0118
0	106.581	-0.2541	-0.0633	0.0135	0.0285	0	-0.0171	-2.8839	0	-3.4277	0.0109	-0.2383	-0.0633	0.0109	0.0285
0	106.602	-0.2539	-0.0624	0.0097	0.0421	0	-0.0171	-2.8839	0	-3.4277	-0.0039	-0.2945	-0.0624	0.0083	0.0421
0	106.624	-0.2536	-0.0612	0.0279	0.0594	0	-0.0171	-2.8839	0	-3.4279	-0.0076	-0.1493	-0.0612	0.0284	0.0594
0	106.644	-0.2531	-0.06	0.0154	0.0448	0	-0.0171	-2.8839	0	-3.4279	0.0002	-0.1636	-0.06	0.0151	0.0448
0	106.664	-0.2522	-0.0603	0.0137	0.0018	0	-0.0171	-2.8839	0	-3.428	-0.0002	-0.1441	-0.0603	0.0146	0.0018
0	106.684	-0.2516	-0.0609	0.0257	-0.0142	0	-0.0171	-2.8839	0	-3.428	-0.0042	-0.2504	-0.0609	0.0252	-0.0142
0	106.707	-0.251	-0.0612	0.018	-0.0133	0	-0.0086	-2.8839	0	-3.4282	-0.0121	-0.1459	-0.0612	0.018	-0.0133
0	106.727	-0.2508	-0.0618	-0.0002	-0.0248	0	-0.0086	-2.8839	0	-3.4284	-0.0084	-0.2822	-0.0618	-0.0011	-0.0248
0	106.747	-0.2508	-0.063	0.0057	-0.0506	0	-0.0086	-2.8839	0	-3.4286	-0.0103	-0.1803	-0.063	0.006	-0.0506
0	106.767	-0.2506	-0.0636	0.0146	-0.0333	0	-0.0086	-2.8839	0	-3.4288	-0.014	-0.309	-0.0636	0.0159	-0.0333
0	106.789	-0.2504	-0.0636	0.0046	-0.0115	0	-0.0171	-2.8839	0	-3.4291	-0.0103	-0.2073	-0.0636	0.0043	-0.0115
0	106.881	-0.2504	-0.0636	-0.0036	-0.0033	0	-0.0171	-2.8839	0	-3.4293	-0.0086	-0.2473	-0.0636	-0.0036	-0.0033
0	106.901	-0.2503	-0.0633	-0.0002	0.0024	0	-0.0086	-2.8839	0	-3.4293	0.0021	-0.2814	-0.0633	-0.0001	0.0024
0	106.921	-0.2503	-0.0633	0.0024	0.0006	0	-0.0086	-2.8839	0	-3.4293	-0.0033	-0.2308	-0.0633	0.0031	0.0006
0	106.943	-0.25	-0.0633	0.0127	0.0003	0	-0.0086	-2.8839	0	-3.4295	-0.0042	-0.2485	-0.0633	0.0127	0.0003
0	106.964	-0.2497	-0.0633	0.016	0.0015	0	-0.0086	-2.8839	0	-3.4295	0.0017	-0.256	-0.0633	0.0163	0.0015
0	106.984	-0.2496	-0.0633	0.0057	0.0006	0	-0.0086	-2.8839	0	-3.4294	0.0038	-0.2494	-0.0633	0.0057	0.0006
0	107.004	-0.2495	-0.0636	0.0041	-0.0015	0	-0.0086	-2.8839	0	-3.4294	-0.0023	-0.2324	-0.0636	0.0043	-0.0015
0	107.025	-0.2493	-0.0636	0.0056	-0.0027	0	-0.0086	-2.8839	0	-3.4296	-0.0129	-0.2196	-0.0636	0.006	-0.0027
0	107.046	-0.2491	-0.0636	-0.0022	-0.0009	0	0	-2.8839	0	-3.4299	-0.0129	-0.2208	-0.0636	-0.0027	-0.0009
0	107.066	-0.249	-0.0636	-0.0022	-0.0003	0	0.0086	-2.8839	0	-3.4301	-0.0103	-0.2252	-0.0636	-0.0021	-0.0003
0	107.086	-0.249	-0.0636	-0.0034	0	0	0.0086	-2.8839	0	-3.4303	-0.0123	-0.2444	-0.0636	-0.0033	0
0	107.108	-0.2491	-0.0636	-0.0089	0	0	0.0086	-2.8839	0	-3.4307	-0.0146	-0.2394	-0.0636	-0.0091	0
0	107.128	-0.2492	-0.0636	-0.0065	0	0	0	-2.8839	0	-3.4308	-0.0048	-0.2401	-0.0636	-0.0058	0
0	107.148	-0.2493	-0.0639	-0.0043	-0.0061	0	0	-2.8839	0	-3.4308	0.0011	-0.2541	-0.0639	-0.0036	-0.0061
0	107.169	-0.2494	-0.0642	-0.0036	-0.0191	0	0	-2.8839	0	-3.4308	0.0034	-0.2471	-0.0642	-0.0041	-0.0191
0	107.19	-0.2495	-0.0645	-0.0015	-0.0158	0	0	-2.8839	0	-3.4308	-0.0033	-0.2535	-0.0645	-0.0014	-0.0158
0	107.211	-0.2496	-0.0645	-0.0043	-0.0036	0	0	-2.8839	0	-3.4309	-0.01	-0.244	-0.0645	-0.0048	-0.0036
0	107.231	-0.2496	-0.0645	0.0044	-0.0009	0	0	-2.8839	0	-3.4311	-0.01	-0.26	-0.0645	0.0043	-0.0009
0	107.251	-0.2495	-0.0645	0.0117	-0.0003	0	0	-2.8839	0	-3.4313	-0.0067	-0.2583	-0.0645	0.0122	-0.0003
0	107.272	-0.2493	-0.0645	0.0136	0	0	0	-2.8839	0	-3.4314	-0.0005	-0.2708	-0.0645	0.0137	0
0	107.292	-0.2491	-0.0645	0.0114	0	0	0	-2.8839	0	-3.4313	0.0068	-0.2511	-0.0645	0.0114	0
0	107.313	-0.2488	-0.0645	0.0135	-0.0024	0	0	-2.8839	0	-3.4311	0.0134	-0.2475	-0.0645	0.0134	-0.0024
0	107.333	-0.2484	-0.0645	0.0155	-0.0006	0	0	-2.8839	0	-3.4308	0.0141	-0.249	-0.0645	0.0155	-0.0006
0	107.355	-0.2481	-0.0645	0.0103	0.0018	0	0	-2.8839	0	-3.4305	0.0082	-0.2301	-0.0645	0.0104	0.0018
0	107.375	-0.2479	-0.0642	0.0086	0.0052	0	0	-2.8839	0	-3.4304	0.0031	-0.2325	-0.0642	0.0087	0.0052
0	107.453	-0.2478	-0.0642	0.0081	0.0048	0	0	-2.8839	0	-3.4304	0.0014	-0.2295	-0.0642	0.0079	0.0048
0	107.473	-0.2478	-0.0642	-0.0097	-0.0009	0	0	-2.8839	0	-3.431	-0.0112	-0.2334	-0.0642	-0.01	-0.0009
0	107.495	-0.2479	-0.0645	-0.0116	-0.003	0	0	-2.8839	0	-3.4313	-0.0111	-0.2399	-0.0645	-0.0118	-0.003
0	107.515	-0.2481	-0.0645	-0.0079	-0.0045	0	0	-2.8839	0	-3.4315	-0.0093	-0.2585	-0.0645	-0.008	-0.0045
0	107.536	-0.2483	-0.0648	-0.0069	-0.0073	0	0	-2.8839	0	-3.4317	-0.0077	-0.2542	-0.0648	-0.0071	-0.0073
0	107.556	-0.2485	-0.0648	-0.0063	-0.0052	0	0	-2.8839	0	-3.4317	-0.0031	-0.2648	-0.0648	-0.0066	-0.0052
0	107.578	-0.2486	-0.0648	-0.0009	-0.003	0	0	-2.8839	0	-3.4318	-0.0001	-0.2534	-0.0648	-0.0008	-0.003
0	107.598	-0.2486	-0.0648	0.0037	-0.0042	0	0	-2.8839	0	-3.4318	0.0006	-0.2506	-0.0648	0.0039	-0.0042
0	107.618	-0.2484	-0.0652	0.0118	-0.0067	0	0	-2.8839	0	-3.4318	-0.0021	-0.254	-0.0652	0.0116	-0.0067
0	107.638	-0.2482	-0.0655	0.0109	-0.013	0	0	-2.8839	0	-3.4318	0.0013	-0.2557	-0.0655	0.0111	-0.013
0	107.66	-0.2479	-0.0661	0.0161	-0.0258	0	0	-2.8839	0	-3.4318	-0.0008	-0.239	-0.0661	0.0162	-0.0258
0	107.68	-0.2476	-0.067	0.0167	-0.0397	0	0	-2.8839	0	-3.4317	0.0053	-0.2591	-0.067	0.0174	-0.0397
0	107.701	-0.2472	-0.0679	0.0211	-0.0473	0	0	-2.8839	0	-3.4316	0.0029	-0.2459	-0.0679	0.0208	-0.0473
0	107.721	-0.2468	-0.0688	0.0204	-0.0364	0	0	-2.8839	0	-3.4315	0.0101	-0.2468	-0.0688	0.0203	-0.0364
0	107.743	-0.2463	-0.0694	0.0243	-0.03	0	0	-2.8839	0	-3.4314	0.0009	-0.2377	-0.0694	0.023	-0.03
0	107.763	-0.2458	-0.0697	0.0183	-0.0124	0	0	-2.8839	0	-3.4314	-0.0001	-0.2358	-0.0697	0.0165	-0.0124
0	107.783	-0.2455	-0.0697	0.0155	-0.0036	0	-0.0086	-2.8839	0	-3.4315	-0.0067	-0.229	-0.0697	0.0155	-0.0036
0	107.804	-0.2452	-0.0697	0.0119	-0.0009	0	-0.0086	-2.8839	0	-3.4316	-0.0004	-0.2444	-0.0697	0.0119	-0.0009
0	107.825	-0.2449	-0.0697	0.0121	0.0021	0	-0.0086	-2.8839	0	-3.4315	0.003	-0.2393	-0.0697	0.0121	0.0021
0	107.846	-0.2446	-0.0697	0.0103	0.0006	0	-0.0086	-2.8839	0	-3.4315	0.0001	-0.2434	-0.0697	0.0102	0.0006
0	107.866	-0.2444	-0.0697	0.0072	0.0003	0	0	-2.8839	0	-3.4316	-0.0022	-0.2176	-0.0697	0.0065	0.0003
0	107.886	-0.2441	-0.0697	0.0038	0	0	0	-2.8839	0	-3.4316	0.0019	-0.226	-0.0697	0.0037	0
0	107.908	-0.244	-0.0697	0.0053	0	0	0	-2.8839	0	-3.4316	-0.0002	-0.2242	-0.0697	0.005	0
0	107.928	-0.2439	-0.0697	0	-0.0012	0	0	-2.8839	0	-3.4316	-0.0006	-0.2309	-0.0697	-0.0003	-0.0012
0	107.949	-0.2439	-0.0697	-0.0051	-0.0018	0	0	-2.8839	0	-3.4316	-0.0031	-0.236	-0.0697	-0.0048	-0.0018
0	108.024	-0.2439	-0.0697	-0.0063	-0.0009	0	0	-2.8839	0	-3.4316	-0.0025	-0.2277	-0.0697	-0.0065	-0.0009
0	108.045	-0.2441	-0.0709	0.0019	-0.0336	0	0	-2.8839	0	-3.4322	-0.0044	-0.2467	-0.0709	0.0029	-0.0336
0	108.066	-0.244	-0.0721	0.0059	-0.0558	0	0	-2.8839	0	-3.4323	-0.0045	-0.237	-0.0721	0.0063	-0.0558
0	108.086	-0.2438	-0.0736	0.0112	-0.0609	0	0	-2.8839	0	-3.4323	-0.002	-0.2476	-0.0736	0.0117	-0.0609
0	108.107	-0.2436	-0.0742	0.0095	-0.0376	0	-0.0086	-2.8839	0	-3.4324	-0.0019	-0.2458	-0.0742	0.009	-0.0376
0	108.128	-0.2434	-0.0748	0.004	-0.0385	0	-0.0086	-2.8839	0	-3.4324	0.0028	-0.2397	-0.0748	0.0039	-0.0385
0	108.149	-0.2433	-0.0758	0.0087	-0.0448	0	-0.0086	-2.8839	0	-3.4324	0.0007	-0.2373	-0.0758	0.0088	-0.0448
0	108.169	-0.2431	-0.0767	0.0077	-0.0394	0	-0.0086	-2.8839	0	-3.4323	0.0014	-0.2403	-0.0767	0.0074	-0.0394
0	108.19	-0.243	-0.077	0.0069	-0.0164	0	-0.0086	-2.8839	0	-3.4324	-0.0027	-0.2357	-0.077	0.0063	-0.0164
0	108.212	-0.2428	-0.077	0.0054	-0.0045	0	-0.0086	-2.8839	0	-3.4324	-0.0033	-0.2402	-0.077	0.0057	-0.0045
0	108.232	-0.2427	-0.077	0.0051	-0.0012	0	-0.0086	-2.8839	0	-3.4325	-0.0018	-0.223	-0.077	0.0051	-0.0012
0	108.252	-0.2425	-0.077	0.0034	-0.0021	0	-0.0086	-2.8839	0	-3.4325	-0.0023	-0.236	-0.077	0.0033	-0.0021
0	108.272	-0.2425	-0.077	0.0008	-0.0006	0	0	-2.8839	0	-3.4326	-0.0071	-0.2367	-0.077	0.0007	-0.0006
0	108.294	-0.2425	-0.077	-0.0034	0	0	0	-2.8839	0	-3.4329	-0.0143	-0.2359	-0.077	-0.0036	0
0	108.315	-0.2426	-0.077	-0.0075	0.0021	0	0	-2.8839	0	-3.4332	-0.0147	-0.2395	-0.077	-0.0079	0.0021
0	108.335	-0.2427	-0.077	-0.0019	0.0006	0	0	-2.8839	0	-3.4335	-0.0154	-0.2338	-0.077	-0.0018	0.0006
0	108.356	-0.2426	-0.077	0.0023	0.0003	0	-0.0086	-2.8839	0	-3.4337	-0.0091	-0.2428	-0.077	0.0024	0.0003
0	108.377	-0.2426	-0.077	-0.0035	0	0	-0.0086	-2.8839	0	-3.434	-0.0115	-0.2396	-0.077	-0.004	0
0	108.398	-0.2427	-0.077	-0.0079	0	0	-0.0086	-2.8839	0	-3.4342	-0.009	-0.2389	-0.077	-0.0073	0
0	108.418	-0.2428	-0.077	-0.0017	0	0	-0.0086	-2.8839	0	-3.4343	-0.0047	-0.2431	-0.077	-0.0015	0
0	108.438	-0.2428	-0.077	0.0014	0	0	-0.0086	-2.8839	0	-3.4343	0.0005	-0.2434	-0.077	0.0018	0
0	108.46	-0.2427	-0.077	0.0039	0	0	-0.0086	-2.8839	0	-3.4343	0.0011	-0.2505	-0.077	0.004	0
0	108.48	-0.2427	-0.077	0.0031	0	0	-0.0086	-2.8839	0	-3.4343	-0.0032	-0.2401	-0.077	0.0031	0
0	108.501	-0.2426	-0.077	0.0023	0	0	-0.0086	-2.8839	0	-3.4344	-0.0074	-0.2294	-0.077	0.0022	0
0	108.521	-0.2425	-0.077	-0.0003	0	0	-0.0086	-2.8839	0	-3.4346	-0.0072	-0.2332	-0.077	-0.0004	0